{
  "klinger_above_zero__stochrsi_cross": 659.7873915662651,
  "ema_slope_50__stochrsi_cross": 656.4255244338499,
  "cmf_thresh__klinger_above_zero": 640.5876527958388,
  "cci_high_quantile__stochrsi_trend": 750.9109605263159,
  "rsi_band_46_54__stochrsi_cross": 691.3293071895424,
  "hma_slope_pos__ichimoku_above_cloud": 757.4733098591549,
  "klinger_above_zero__rec_expand_1.30": 806.4978971654582,
  "ema_slope_100__vortex_strength": 782.3266123778502,
  "hma_slope_pos__stochrsi_trend": 674.063489312536,
  "er_trend_0.25__vortex_trend": 780.4267032297381
}