{
  "dvi_long_0.70__psar_strength": 27.590339892665472,
  "dvi_long_0.70__psar_confirmed": 27.603174603174605,
  "dvi_long_0.70__psar_trend": 27.603174603174605,
  "cmf_pos__keltner_breakout": 36.71321695760599,
  "chaikin_pos__keltner_breakout": 36.816618911174785,
  "squeeze_off__squeeze_on": 18.436241610738254,
  "chaikin_confirmed__keltner_breakout": 38.82383419689119,
  "chaikin_pos__rec_expand_2.00": 27.744949494949495,
  "chaikin_pos__rec_expand_1.70": 26.774590163934427,
  "cmf_thresh__keltner_breakout": 36.54409005628518
}