{
  "squeeze_off__squeeze_on": 12.068825910931174,
  "cmf_pos__keltner_breakout": 22.896825396825395,
  "chaikin_confirmed__keltner_breakout": 22.19396551724138,
  "dvi_long_0.70__psar_strength": 17.322147651006713,
  "chaikin_pos__keltner_breakout": 22.13082039911308,
  "dvi_long_0.70__psar_trend": 17.290575916230367,
  "dvi_long_0.70__psar_confirmed": 17.290575916230367,
  "cmf_thresh__keltner_breakout": 22.07515337423313,
  "cmf_quantile__keltner_breakout": 23.00776196636481,
  "chaikin_pos__rec_expand_1.70": 17.74927536231884
}