{
  "stochrsi_extreme__vortex_cross": 7.125,
  "equity__rec_compress_0.40": 8.166666666666666,
  "klinger_cross__rec_compress_0.40": 22.666666666666668,
  "er_trend_0.45__rec_compress_0.40": 8.166666666666666,
  "hma_ribbon__rec_compress_0.40": 13.222222222222221,
  "cmf_pos__mfi_extreme": 37.756410256410255,
  "mfi_high_quantile__stochrsi_extreme": 8.068181818181818,
  "hma_ribbon__stochrsi_extreme": 7.928571428571429,
  "cmf_thresh__mfi_extreme": 33.73033707865169,
  "ema_all_aligned__mfi_extreme": 55.36619718309859
}