{
  "dvi_long_0.70__psar_strength": 1178.9035778175314,
  "dvi_long_0.70__psar_confirmed": 1169.868712522046,
  "dvi_long_0.70__psar_trend": 1169.868712522046,
  "cmf_pos__keltner_breakout": 1585.7409725685782,
  "chaikin_pos__keltner_breakout": 1561.3315472779366,
  "squeeze_off__squeeze_on": 890.1122147651009,
  "chaikin_confirmed__keltner_breakout": 1609.1130224525043,
  "chaikin_pos__rec_expand_2.00": 1144.7576515151513,
  "chaikin_pos__rec_expand_1.70": 1178.465799180328,
  "cmf_thresh__keltner_breakout": 1520.2103001876173
}