{
  "stochrsi_extreme__vortex_cross": 309.3112500000004,
  "equity__rec_compress_0.40": 686.5066666666662,
  "klinger_cross__rec_compress_0.40": 1364.043333333325,
  "er_trend_0.45__rec_compress_0.40": 686.5066666666662,
  "hma_ribbon__rec_compress_0.40": 866.9811111111093,
  "cmf_pos__mfi_extreme": 1050.6870512820522,
  "mfi_high_quantile__stochrsi_extreme": 401.2670454545447,
  "hma_ribbon__stochrsi_extreme": 666.6025000000016,
  "cmf_thresh__mfi_extreme": 974.1052808988771,
  "ema_all_aligned__mfi_extreme": 1090.2802816901412
}